{"flutter":{"platforms":{"android":{"default":{"projectId":"aayojan-project","appId":"1:617188085479:android:c3e4e98859c258ca17dc42","fileOutput":"android/app/google-services.json"}},"ios":{"default":{"projectId":"aayojan-project","appId":"1:617188085479:ios:0de39c99f3f5a1f217dc42","uploadDebugSymbols":false,"fileOutput":"ios/Runner/GoogleService-Info.plist"}},"macos":{"default":{"projectId":"aayojan-project","appId":"1:617188085479:ios:0de39c99f3f5a1f217dc42","uploadDebugSymbols":false,"fileOutput":"macos/Runner/GoogleService-Info.plist"}},"dart":{"lib/firebase_options.dart":{"projectId":"aayojan-project","configurations":{"android":"1:617188085479:android:c3e4e98859c258ca17dc42","ios":"1:617188085479:ios:0de39c99f3f5a1f217dc42","macos":"1:617188085479:ios:0de39c99f3f5a1f217dc42","web":"1:617188085479:web:935cc0b54638536617dc42","windows":"1:617188085479:web:460b7dadb0c453c417dc42"}}}}}}